[ "ColoredShapePipelineSettings", {
  "pipelineIndex" : 1,
  "pipelineType" : "ColoredShape",
  "inputImageFlipMode" : "NONE",
  "inputImageRotationMode" : "DEG_0",
  "pipelineNickname" : "Shape 20220208-01",
  "cameraExposure" : 53.6,
  "cameraBrightness" : 12,
  "cameraGain" : -1,
  "cameraVideoModeIndex" : 21,
  "streamingFrameDivisor" : "QUARTER",
  "ledMode" : true,
  "inputShouldShow" : false,
  "outputShouldShow" : true,
  "hsvHue" : {
    "first" : 62,
    "second" : 119
  },
  "hsvSaturation" : {
    "first" : 90,
    "second" : 190
  },
  "hsvValue" : {
    "first" : 10,
    "second" : 192
  },
  "outputShouldDraw" : true,
  "outputShowMultipleTargets" : false,
  "contourArea" : {
    "first" : 0.0,
    "second" : 100.0
  },
  "contourRatio" : {
    "first" : 0.0,
    "second" : 20.0
  },
  "contourFullness" : {
    "first" : 0.0,
    "second" : 100.0
  },
  "contourSpecklePercentage" : 13,
  "contourSortMode" : "Largest",
  "contourTargetOffsetPointEdge" : "Center",
  "contourTargetOrientation" : "Landscape",
  "offsetRobotOffsetMode" : "None",
  "offsetSinglePoint" : {
    "x" : 0.0,
    "y" : 0.0
  },
  "offsetDualPointA" : {
    "x" : 0.0,
    "y" : 0.0
  },
  "offsetDualPointAArea" : 0.0,
  "offsetDualPointB" : {
    "x" : 0.0,
    "y" : 0.0
  },
  "offsetDualPointBArea" : 0.0,
  "contourGroupingMode" : "Single",
  "contourIntersection" : "Up",
  "solvePNPEnabled" : false,
  "targetModel" : "kCircularPowerCell7in",
  "cornerDetectionStrategy" : "APPROX_POLY_DP_AND_EXTREME_CORNERS",
  "cornerDetectionUseConvexHulls" : true,
  "cornerDetectionExactSideCount" : false,
  "cornerDetectionSideCount" : 4,
  "cornerDetectionAccuracyPercentage" : 8.0,
  "contourShape" : "Custom",
  "contourPerimeter" : {
    "first" : 0.0,
    "second" : 4000.0
  },
  "accuracyPercentage" : 24.0,
  "circleDetectThreshold" : 5,
  "contourRadius" : {
    "first" : 0,
    "second" : 100
  },
  "minDist" : 20,
  "maxCannyThresh" : 90,
  "circleAccuracy" : 20,
  "cameraCalibration" : null,
  "erode" : false,
  "dilate" : false
} ]